comment,brand,title
You know its a good day when Adidas drops,adidas,adidas Skateboarding Presents /// Heimspiel Tour 2025
That girl who opens with a big crooked is really good! The style and trickselection on point. ,adidas,adidas Skateboarding Presents /// Heimspiel Tour 2025
Bigspin fakie manual was nuts,adidas,adidas Skateboarding Presents /// Heimspiel Tour 2025
"That joy in the ender, thatâ€™s the good shit.",adidas,adidas Skateboarding Presents /// Heimspiel Tour 2025
Stoke Faktor immer 10/10 bei Thorsten Frank productions ğŸ™ğŸ»....Wahnsinn wie die MÃ¤dels Gas geben ğŸ“ˆğŸ¥¹ğŸ™ŒğŸ»,adidas,adidas Skateboarding Presents /// Heimspiel Tour 2025
Akira sempre representando.,adidas,adidas Skateboarding Presents /// Heimspiel Tour 2025
Germany â¤,adidas,adidas Skateboarding Presents /// Heimspiel Tour 2025
What a ride!! Best fam ever!! <3,adidas,adidas Skateboarding Presents /// Heimspiel Tour 2025
Lau Williams needs more recognition,adidas,adidas Skateboarding Presents /// Heimspiel Tour 2025
O tempero do brasağŸ‡§ğŸ‡· faz toda diferenÃ§a,adidas,adidas Skateboarding Presents /// Heimspiel Tour 2025
"Holy Shit, Lau has some moves. The adidas girls going hard!",adidas,adidas Skateboarding Presents /// Heimspiel Tour 2025
Such a good edit!,adidas,adidas Skateboarding Presents /// Heimspiel Tour 2025
ON REPEAT ğŸ”¥ so nice to watch,adidas,adidas Skateboarding Presents /// Heimspiel Tour 2025
"Friends must have encouraged the last woman who repeated that Ollie without her hands on the ground.
She is very talented at her young age.
Bad friends!",adidas,adidas Skateboarding Presents /// Heimspiel Tour 2025
such a rad team!!! well done,adidas,adidas Skateboarding Presents /// Heimspiel Tour 2025
Skateboard verdadeiro ğŸ‘ï¸ğŸ›¹ğŸ”¥ğŸâœŠğŸ¾ğŸ“šğŸ‘½ğŸ¤˜ğŸ¾ğŸ»ğŸ§ ğŸ‘£ğŸ™ğŸ¾!! MÃ¡ximo respeito a todos! Salve Akira ğŸ‘½!! Jah Bless ğŸŒ±,adidas,adidas Skateboarding Presents /// Heimspiel Tour 2025
Favs!! Great video! Lau and Gui went in!!,adidas,adidas Skateboarding Presents /// Heimspiel Tour 2025
"Geiles Team, geiles Video! ğŸ‘",adidas,adidas Skateboarding Presents /// Heimspiel Tour 2025
"sick crew, sick clip!",adidas,adidas Skateboarding Presents /// Heimspiel Tour 2025
Yeah! ğŸ˜,adidas,adidas Skateboarding Presents /// Heimspiel Tour 2025
"Iâ€™m truly humbled by the overwhelming response to this videoâ€”thank you all for watching, sharing, and caring deeply about these issues. I wanted to address some of the most common comments:

1)To those asking about my safety: Thank you for your concern! Iâ€™m completely safe. â˜º Many of the issues discussed in this video are already openly debated on Chinese social media, and I actually drew a lot of insights from those discussions while making this video.

2) Will there be more investigations like this? Honestly, Iâ€™m not sure. While I believe in shedding light on these topics, I also recognize that labor conditions in global manufacturingâ€”not just at Sheinâ€”are deeply tied to complex supply and demand forces. Real change takes time.

3)To those rethinking their shopping habits: It means so much to hear that this video has made some of you more aware. If thereâ€™s one takeaway, itâ€™s that ALL fast fashionâ€”not just Sheinâ€”often relies on labor conditions that may be far worse than what most consumers realize.

Again, thank you for engaging with this discussion so thoughtfully. Your comments have given me a lot to reflect on!ğŸ™‚",shein,Inside Sheinâ€™s factory village
The fact that i got a shein ad on this video is diabolical,shein,Inside Sheinâ€™s factory village
A 8am -10pm shift being the average actually makes me feel sick to my stomach,shein,Inside Sheinâ€™s factory village
"This IS journalism, and very high quality and courageous journalism at that... Excellent work, but very depressing to see.",shein,Inside Sheinâ€™s factory village
"Thank you for doing this work and sharing this story. Unethical labor practices is an issue I wish ppl would speak up about everywhere. Nothing beats combating issues from the source. As someone who has struggled in their own field with corporations not willing to pay their employees fair wages I feel this personally. I think as consumers we need to be aware of the work that goes into supplying us our needs/wants. Ppl need to be willing to pay real life value even if it is more expensive and companies need to be willingly to pay their workers actual livable wages and cover health and hazards. Fueling dangerous work environment that literally cause injury on top of it is just wrong. This isnâ€™t to say that they shouldnâ€™t work or that we should put them out of business, because that isnâ€™t fair to them. However, a change needs to happen.",shein,Inside Sheinâ€™s factory village
"As someone who is a tailor and works in the fashion industry, it always shocks me how people can still defend such companies while also having no grasp of how much work it actually is to make a garment. Many people treat their clothes like throw-away items that are used only once or twice. But clothes are meant to last for years, they are made for you to spend your life in them, not just one party night.",shein,Inside Sheinâ€™s factory village
"Not only Shein, even the luxury brands doing something similar. They have ""imported"" workers from China to work in the small factories in Italy at a very low hourly rate so they can label their product as made in Italy and charge 10 times the price.",shein,Inside Sheinâ€™s factory village
Youâ€˜re absolutely a journalist. This is journalism. Donâ€˜t sell yourself short.,shein,Inside Sheinâ€™s factory village
"Don't sell yourself short. This is excellent journalism YouTube or not. In fact, probably the best journalism can be found on this platform now. Great job and thank you.",shein,Inside Sheinâ€™s factory village
Let's support this worthy effort with more than just a few words.,shein,Inside Sheinâ€™s factory village
"The willful ignorance of all these ""fashion influencers"" showing boxes of SheIn and Temu clothes is what is fuelling this incredibly abusive fast fashion industry.",shein,Inside Sheinâ€™s factory village
"This is really good journalism. Shein is madness: labor costs are low, the product is low quality, people buy millions of clothes, then throw them in the trash after one use, causing an environmental disaster.",shein,Inside Sheinâ€™s factory village
Danke! We need people informing consumers like you do - in the interest of both workers and consumers. Plese keep up the good work!,shein,Inside Sheinâ€™s factory village
"You may not think you're a journalist, but this video is better than a lot of videos I've seen so-called ""Journalists"" produce. Great work.",shein,Inside Sheinâ€™s factory village
"For those saying they can't afford to purchase better quality clothing, that's the fast fashion concept. Slowing fashion down means planning what you're going to buy, saving up for it & investing in pieces that will last long, making sure you spend your hard earned money with companies that treat their workers fairly",shein,Inside Sheinâ€™s factory village
"One I noticed in this video that you are absolutely wrong about is that you are not a journalist. This is quality journalism, and you are most definitely a journalist.",shein,Inside Sheinâ€™s factory village
"People in my city do in person clothing swap events and they've become my favorite way to ""shop""â€“you bypass the additional hassle/waste of thrift stores where they often have to throw away huge piles of clothes because there's just too much, and it's a really nice social event/way to connect with the community AND let go of clothes you don't wear anymore. We do it in parks and end up inviting anyone who walks by to look through the clothes too.",shein,Inside Sheinâ€™s factory village
"For ""just being a youtuber"" you really handled this investigation with care, respect, and a professional polish that reminds me of news segments. This is really well done and incredibly important work. Thank you!!!",shein,Inside Sheinâ€™s factory village
â€œThe â€˜fastâ€™ in fast fashion comes from human endurance.â€ What a line and reminder,shein,Inside Sheinâ€™s factory village
"Hereâ€™s the thing though, we all watch this from another country and feel bad about the working conditions but then we all still order products made from people in this condition. What needs to happen is consumerism needs to calm down. We donâ€™t need to make a purchase every day. We donâ€™t need to buy random products on SHEIN or Amazon simply because they are cheap are cute. This is the reality of those purchases. We line the pockets of people like Jeff bezos and we add to the demand for these people to work 18 hour shifts

*edit* I never said it was a United States issue, lol. Most modern world countries participate in senseless consumerism. Please read correctly before coming at me in the comments saying I said it was only Americans, I never said that",shein,Inside Sheinâ€™s factory village
"â€‹I see Amplify as something that could benefit the elderly, helping them climb stairs more easily and put less stress on their feet. â¤",nike,I Tested Nikeâ€™s Top Secret Shoe
"This was just a Nike commercial, it should have the â€œSponsoredâ€ disclaimer",nike,I Tested Nikeâ€™s Top Secret Shoe
Canâ€™t wait when itâ€™s 2050 and I had to make sure my bed is plugged in and clothes and charged and my glasses are oh wait they already made tech glasses,nike,I Tested Nikeâ€™s Top Secret Shoe
"2:54 if it can truly reduce fatigue while walking the same distance, I can see this clearly being an amazing product for the elderly.",nike,I Tested Nikeâ€™s Top Secret Shoe
11:25  Consider these shoes for people who have neuropathy.  Nerve endings are damaged due to illness or chemotherapy.  The firmness of the nodes could be changed to either stimulate more or less.  People suffering from neuropathy may be extremely sensitive to touch.,nike,I Tested Nikeâ€™s Top Secret Shoe
Aero fit is just a fancy name for perforated fabric ğŸ˜‚ğŸ˜‚ğŸ˜‚,nike,I Tested Nikeâ€™s Top Secret Shoe
2:25 Hideo Kojima would be so proud!,nike,I Tested Nikeâ€™s Top Secret Shoe
11:58 Peak performance in the bedroom. Stop the cap Arun,nike,I Tested Nikeâ€™s Top Secret Shoe
"0:46 , nothing to be surprised, its just pascalâ€™s law

â€œ when pressure is applied to a fluid enclosed in a container, the pressure is transmitted equally to every part of the container, as well as walls of it.â€

Same way how inflating a tyre works, or a life jacket, swimming tube etc.",nike,I Tested Nikeâ€™s Top Secret Shoe
"Nike wants the bottom of our feet to feel like barefoot shoes, yet they still donâ€™t give us space in the toe box to have a natural foot shape step.",nike,I Tested Nikeâ€™s Top Secret Shoe
"11:25 Imagine this shoes, for people with neuropathy. Where nerve endings are damaged from illness or chemotherapy. The firmness of the nodes could be adjusted to either stimulate more or much less. People with neuropathy can be super sensitive to touch.",nike,I Tested Nikeâ€™s Top Secret Shoe
"I was dying for him to try the shoes on lego, or gavel ğŸ˜‚  11:14",nike,I Tested Nikeâ€™s Top Secret Shoe
"8:14 I know he wanted to feel them up, I just can't prove it.",nike,I Tested Nikeâ€™s Top Secret Shoe
Amplify could benefit the elderly by improving their ability to climb stairs and reduce foot stress.,nike,I Tested Nikeâ€™s Top Secret Shoe
10:03 Nike discovered barefoot shoes and overcomplicated solution ğŸ¤£ğŸ‘,nike,I Tested Nikeâ€™s Top Secret Shoe
11:05 imagine a rock or sticker get stuck in the nodes,nike,I Tested Nikeâ€™s Top Secret Shoe
As someone who was previously on the other side of the veil when it comes to sports technology most people donâ€™t understand how Nike completely changes the product that they give athletes. The consumer level product are the great value brands of the actual product. Itâ€™s wild. There should be a law.,nike,I Tested Nikeâ€™s Top Secret Shoe
"I would love to see a test with 2 of those walking exoskeletons. Like one being the belt thing shown in the past and the other the on the bottom of the legs thing shown here.

Then to have comparison of having non of them done and with both of them, at the end checking them individually to see which is ""better"".",nike,I Tested Nikeâ€™s Top Secret Shoe
"8:04 LMAO that is some BS. Genius marketing. ""Each shirt has a different weave so you have to get one for each sport!!""",nike,I Tested Nikeâ€™s Top Secret Shoe
I am a nike tester that had the opportunity with the first 2 designs of the Amplify and the second Mind. Cool to see they gave you incredible access especically of the 4th floor in the LJ building,nike,I Tested Nikeâ€™s Top Secret Shoe
"You look absolutely gorgeous in your outfits. Specially, love the jeans on you.â¤",shein,Exploring My Fashion Style With Shein | Full Try-On Haul Review
You look fabulous in all of the outfits simply stunning but my favorite was the shorts and the black cropped top and I love the hair style very much your simply beautiful ğŸ˜˜â¤â¤â¤â¤â¤â¤â¤â¤,shein,Exploring My Fashion Style With Shein | Full Try-On Haul Review
I love SHEIN too,shein,Exploring My Fashion Style With Shein | Full Try-On Haul Review
"Brown beauty  first set 10/10 second set 8/10 only because of Shein price point better quality jeans will look TaylorMade on youâ¤
Third set 9/10 fourth set 10/10 jean shorts fit perfectlyâ¤â¤ fifth set 7/10
Sixth set 100/100ğŸ‰ 
Great video ğŸ“¹ brown queen ğŸ‘¸ â¤â¤",shein,Exploring My Fashion Style With Shein | Full Try-On Haul Review
"When a woman is this fine, everything she wear looks good on her.â¤â¤",shein,Exploring My Fashion Style With Shein | Full Try-On Haul Review
I love this channel â¤,shein,Exploring My Fashion Style With Shein | Full Try-On Haul Review
Love Your New Style! For Halloween Party Stuff ğŸ’ğŸ’ğŸ’ğŸ˜ğŸ˜˜ğŸ’•ğŸ†•ğŸƒğŸ‘»ğŸ‰ğŸ¥³ğŸ˜€ğŸ˜„ğŸ˜‰,shein,Exploring My Fashion Style With Shein | Full Try-On Haul Review
Great outfits like the shorts and mini skirt the leather jacket cool,shein,Exploring My Fashion Style With Shein | Full Try-On Haul Review
"great styles ,great outfits that all look so good on you.I Like them jeans alot.You make them look so good on you.",shein,Exploring My Fashion Style With Shein | Full Try-On Haul Review
Everything you try on babe looks amazing on you ğŸ˜»ğŸ˜»ğŸ°ğŸ‘ğŸ‘ŒğŸ˜‹ğŸ’ğŸ’ğŸ˜˜ğŸ˜˜ğŸ’•ğŸ’•âœ¨âœ¨ğŸ«‚ğŸ«‚ğŸ’‹ğŸ’‹ğŸ‘‘ğŸ‘‘,shein,Exploring My Fashion Style With Shein | Full Try-On Haul Review
Lovely ğŸ˜Š,shein,Exploring My Fashion Style With Shein | Full Try-On Haul Review
The outfit and the thumbnail is a great concert outfit!,shein,Exploring My Fashion Style With Shein | Full Try-On Haul Review
Jeans and white t shirt super superâ¤,shein,Exploring My Fashion Style With Shein | Full Try-On Haul Review
Beautiful â¤â¤â¤â¤â¤â¤â¤â¤â¤â¤â¤â¤â¤,shein,Exploring My Fashion Style With Shein | Full Try-On Haul Review
Love the pieces on you,shein,Exploring My Fashion Style With Shein | Full Try-On Haul Review
Love the looks my awesome friend â¤,shein,Exploring My Fashion Style With Shein | Full Try-On Haul Review
â¤â¤â¤,shein,Exploring My Fashion Style With Shein | Full Try-On Haul Review
Littlefit all of these chill vibes clothes are nice.,shein,Exploring My Fashion Style With Shein | Full Try-On Haul Review
Wonderful ğŸ’–ğŸ˜ğŸ˜‹,shein,Exploring My Fashion Style With Shein | Full Try-On Haul Review
CARLA TODO TE QUEDA MEJOR QUE LAS MODELOS DE LAS FOTOS.,shein,Exploring My Fashion Style With Shein | Full Try-On Haul Review
Iâ€™ve never seen the goats assemble ğŸ in one place like this before ğŸ˜® ğŸ”¥ 1:36,nike,Nike SBâ€™s â€œHai Defâ€ Shanghai Tour - Behind the Scenes
"Shane really said ""Trying to get a good one, but I can't"" at 12:48 LMAO.",nike,Nike SBâ€™s â€œHai Defâ€ Shanghai Tour - Behind the Scenes
"Primitive, April and Disorder. ğŸ”¥ğŸ”¥ğŸ”¥",nike,Nike SBâ€™s â€œHai Defâ€ Shanghai Tour - Behind the Scenes
the Avengers,nike,Nike SBâ€™s â€œHai Defâ€ Shanghai Tour - Behind the Scenes
This was absolutely fantastic!,nike,Nike SBâ€™s â€œHai Defâ€ Shanghai Tour - Behind the Scenes
"Damn, Paul and Shane are my favorite skaters, and everyone else was killing it too. They are a powerhouse team for sure.",nike,Nike SBâ€™s â€œHai Defâ€ Shanghai Tour - Behind the Scenes
These girls are actually good at street! â¤,nike,Nike SBâ€™s â€œHai Defâ€ Shanghai Tour - Behind the Scenes
they're like avengers in skateboarding ğŸ™Œ,nike,Nike SBâ€™s â€œHai Defâ€ Shanghai Tour - Behind the Scenes
This video contains the biggest amount of followers than any other skate video ğŸ“ŠğŸ“ˆ,nike,Nike SBâ€™s â€œHai Defâ€ Shanghai Tour - Behind the Scenes
Great see everyone having fun and not just competing ğŸ˜Š,nike,Nike SBâ€™s â€œHai Defâ€ Shanghai Tour - Behind the Scenes
P Rod Tre flippin and switch backside flipping 10 stairs at 40 watch yall mouths !!!,nike,Nike SBâ€™s â€œHai Defâ€ Shanghai Tour - Behind the Scenes
yuto the nonchalant final boss lmao,nike,Nike SBâ€™s â€œHai Defâ€ Shanghai Tour - Behind the Scenes
Shane is so good when he tries to bail he lands it,nike,Nike SBâ€™s â€œHai Defâ€ Shanghai Tour - Behind the Scenes
dream team and they all seem to like skating with each other nike sb has many other ams and flo skaters too top brand.,nike,Nike SBâ€™s â€œHai Defâ€ Shanghai Tour - Behind the Scenes
3:27 this the first time I ever seen Ishod frustrated ğŸ˜‚,nike,Nike SBâ€™s â€œHai Defâ€ Shanghai Tour - Behind the Scenes
Shaneâ€™s nollie tres are just unfair,nike,Nike SBâ€™s â€œHai Defâ€ Shanghai Tour - Behind the Scenes
always hyped to see Rayssa & Chloe in the streets,nike,Nike SBâ€™s â€œHai Defâ€ Shanghai Tour - Behind the Scenes
Earthâ€™s mightiest skateboarders,nike,Nike SBâ€™s â€œHai Defâ€ Shanghai Tour - Behind the Scenes
Man legend legends legends!,nike,Nike SBâ€™s â€œHai Defâ€ Shanghai Tour - Behind the Scenes
that was supreme,nike,Nike SBâ€™s â€œHai Defâ€ Shanghai Tour - Behind the Scenes
The slightly darker hair looks great for the winter on you â¤,shein,SHEIN SHOPS HAUL | MY FAVE CO-ORDS AND COSY KNITWEAR | AD
Love last co ord. Longer length much more cosier. ğŸ‰,shein,SHEIN SHOPS HAUL | MY FAVE CO-ORDS AND COSY KNITWEAR | AD
Lovely winter items â¤,shein,SHEIN SHOPS HAUL | MY FAVE CO-ORDS AND COSY KNITWEAR | AD
Love all the clothes in the haul beautiful on you.â¤â¤â¤â¤,shein,SHEIN SHOPS HAUL | MY FAVE CO-ORDS AND COSY KNITWEAR | AD
"Hi Juliette,great cosy haul from Shein. I love the last co-ord,looks so comfy & warm. The fleece you are wearing is really nice, could i ask where it's from â¤",shein,SHEIN SHOPS HAUL | MY FAVE CO-ORDS AND COSY KNITWEAR | AD
Beautiful haul I love shein everything looks gorgeous on you â¤,shein,SHEIN SHOPS HAUL | MY FAVE CO-ORDS AND COSY KNITWEAR | AD
Mock neck,shein,SHEIN SHOPS HAUL | MY FAVE CO-ORDS AND COSY KNITWEAR | AD
Funnel neck,shein,SHEIN SHOPS HAUL | MY FAVE CO-ORDS AND COSY KNITWEAR | AD
A longer style puffer vest would be nice with that last set and your uggs,shein,SHEIN SHOPS HAUL | MY FAVE CO-ORDS AND COSY KNITWEAR | AD
People don't realize it. But this is one of the greatest albums of this generation. This is one of the greatest albums of the past 17 years. Frank is a true artist and he can speak to all levels of society. I hope frank gives us another album some day soon. Thank you Mr.Ocean.,nike,Frank Ocean - Nikes
"I feel like the album is titled blonde because blonde hair is often bright when one is young, but it begins to darken as they age. I feel like this is used to discuss how we lose our freedom with age. After the nights beat switch, the album takes a darker tone. In the first half of the album (before nights) frank uses high-pitched vocals to represent his younger self. he also mentions the word summer several times in this album which usually represent youth and freedom. In the second half of the album (after the nights beat switch) he only references summer once when Andre 3000 says he is â€œwatching the summer come close to an endâ€ which sounds like a representation of the end of his childhood.",nike,Frank Ocean - Nikes
"Sometimes when the boys are gone you turn off the trap and listen to this, man i love this song",nike,Frank Ocean - Nikes
I would never cry to a Frank Ocean song,nike,Frank Ocean - Nikes
So sad to hear about Frank Oceanâ€™s younger brother. May he rest in eternal peace.,nike,Frank Ocean - Nikes
Love how he uses the high pitched voice to start the album. Up until this point it had been 4 years since we had heard from Frank so that was a good tease to start things off. Once it leads into his real voice itâ€™s almost like an explosion,nike,Frank Ocean - Nikes
this album makes me feel something i can not explain. its a sad euphoric feeling. comforting but wishing things you dont have.,nike,Frank Ocean - Nikes
There's so many beautiful lyrics in this.  Painfully beautiful.,nike,Frank Ocean - Nikes
This entire album is so fucking good!,nike,Frank Ocean - Nikes
"He don't care for me
But he cares for me

damn I hate this feeling",nike,Frank Ocean - Nikes
"I'll never forget when I first heard this. Freshman year of college, pregaming for my first party, everyone was just chilling and singing along it was so good. This is my go to song for late night drives on the thruway with the windows down",nike,Frank Ocean - Nikes
love the ambient textures of this album,nike,Frank Ocean - Nikes
â€œIâ€™m not him but iâ€™ll mean something to you.â€  This just hits wayy harder after youâ€™ve been rejected by the person you like.,nike,Frank Ocean - Nikes
"2011: Tyler dropped Goblin
2012: Frank dropped channel ORANGE
2013: Earl dropped Doris

2015: Earl dropped IDLSIDGO
2016: Frank dropped Blonde
2017: Tyler dropped Flower Boy

2018: Earl dropped Some Rap Songs
2019: Tyler dropped IGOR
2020: Frank?",nike,Frank Ocean - Nikes
the first song that made me like the whole album last year,nike,Frank Ocean - Nikes
"Im 20, this dropped when I was 12, I still remember all the girls I dedicated these songs to lmao. Miss you Frank but wishing you a lifetime of healing",nike,Frank Ocean - Nikes
"First time listening to frank oceanâ€™s albums, wish me luck",nike,Frank Ocean - Nikes
Song was so good they made a brand named after it,nike,Frank Ocean - Nikes
this song makes me feel nostalgia for things i haven't experienced,nike,Frank Ocean - Nikes
"This song sounds like new to me - the start of summer, the start of a new love, the start of nothing, so to speak. It has a somber, nostalgic tone to it - you can tell this is a song about looking back, not about living. Through the album, the new feeling (especially in the context of 4 years waiting for an album) tells the beginning, middle, and end of a time in your life. That's what makes it so relatable - we all have our lived experience, which we link intrinsically with the first half of Blonde, and the second half grounds us to our lives now. It's one of the realest, most evocative albums ever",nike,Frank Ocean - Nikes
"Iâ€™m a big fan of what Asics, New Balance, and Adidas have been doing lately. Jordan and Nike tho, Iâ€™m just so burnt out. I got into sneakers around 2022 and I think I picked a good time back then. If I had hopped on now, it wouldâ€™ve been the worst time with the tariffs, the price increases, and the overall fatigue of Nike and Jordan in sneaker culture. Everyone has nike and/or jordans. They arenâ€™t special anymore, most of them are rereleases or just shoes without a story. Just more colorways of the same shoes everyone already has.

With New Balance, I love the collabs they do. Especially with stuff like amine or action bronson. They always have creative designs and backstories to accompany the shoe. Also the quality control with other companies is significantly better lately.",nike,TOP 10 BEST SNEAKERS OF 2025
"Be honest: Is this supposed to be a ""Top 10 Best Sneakers of 2025"" or a ""Top 10 Best Jordans of 2025"" ?",nike,TOP 10 BEST SNEAKERS OF 2025
Man's forgot the 992 freshgood's,nike,TOP 10 BEST SNEAKERS OF 2025
This list is giving 'the sneakerhead in me' vibes fr,nike,TOP 10 BEST SNEAKERS OF 2025
Ngl the bricks are bricks overrated Imo,nike,TOP 10 BEST SNEAKERS OF 2025
"Great list! The New Balance 933 are my sneaker of the year. Under the radar, but such an incredible new model, and the last batch of colorways definitely are the winners.",nike,TOP 10 BEST SNEAKERS OF 2025
"Coming in with a crazy one, but my favorite (i picked up) is the Air Jordan 3 rare air, been loving them",nike,TOP 10 BEST SNEAKERS OF 2025
the year is not even over,nike,TOP 10 BEST SNEAKERS OF 2025
"The AJ1 UNC Reimagined are sooo underrated bc they bricked at launch. Their blue tint is just stunning irl, they deserved at least a honorable mentionğŸ¥²",nike,TOP 10 BEST SNEAKERS OF 2025
"1. Mars Yard 3.0
2. Brick by Brick 4's
3. Undefeated 4's

Got all 3 and loving them.",nike,TOP 10 BEST SNEAKERS OF 2025
"It's between Jordan 4 brick by brick or Jordan 4 Sb navy , Im gonna give the edge to the Bricks because they pop more and the story is so cool.",nike,TOP 10 BEST SNEAKERS OF 2025
My best shoe of the year has to be the Nike Pegasus Premium. I LOVE that shoe!,nike,TOP 10 BEST SNEAKERS OF 2025
solid list! my sneaker of the year has to be the undefeated 4s. it was the shoe that inspired me to begin collecting sneakers and chasing grails. being able to add them into my collection this year was the best feeling ever!,nike,TOP 10 BEST SNEAKERS OF 2025
You know there are other brands out there besides nike and adidas who produce nice shoes. Doesnt have to be the same brands all the time,nike,TOP 10 BEST SNEAKERS OF 2025
"Brick by brick is numero uno! Followed by Union J1's and Undefeated, my rankings. I just managed to cop 2 pairs from the list!",nike,TOP 10 BEST SNEAKERS OF 2025
Jordan 4 SB navy blue,nike,TOP 10 BEST SNEAKERS OF 2025
Really good list I found it really hard this year. There were so many drops. I canâ€™t remember them all.ğŸ˜…,nike,TOP 10 BEST SNEAKERS OF 2025
definitivamente BRICK BY BRICK los mejores. ğŸ˜¢,nike,TOP 10 BEST SNEAKERS OF 2025
Love your vids,nike,TOP 10 BEST SNEAKERS OF 2025
Bro is secretly a Casey Jones!,nike,TOP 10 BEST SNEAKERS OF 2025
"Have you heard of SHEIN, or have you shopped there yourself?",shein,"If you think fast fashion is bad, check out SHEIN"
"I'm guilty of being a SHEIN consumer. I started a few years back when they were not well known. I was shocked by the low prices and fast delivery. I loved it, absolutely loved the possibility to have a new outfit every week. In the last 1 month I stumbled upon a few youtube documentaries on fast fashion and SHEIN in particular. After the first documentary I withdraw all the money off my SHEIN wallet and deleted the app. Honestly... it's a bit addicting. I used to scroll the new clothes before going to bed. Kinda miss that but I'm okay with putting an end to it.",shein,"If you think fast fashion is bad, check out SHEIN"
"I absolutely agree to the conclusions drawn here: With every purchase we make a decision that impacts on nature and society. I'd rather buy less clothes, but of good quality so that I can wear them for years.",shein,"If you think fast fashion is bad, check out SHEIN"
"Zara, H&M and Uniqlo are considered fast fashion, yet here in my country itâ€™s still considered to be quite expensive. Although definitely not a high-end product, itâ€™s mid to upper level for sure.",shein,"If you think fast fashion is bad, check out SHEIN"
"As a designer (of mostly crochet tops and sweaters) it pains me to see that SHEIN steals the designs of other small shops/creators like myself. So far I haven't been hit but many of my friends have. We work so hard on these designs, only to have them get stolen and sold for $7.",shein,"If you think fast fashion is bad, check out SHEIN"
"For me, the question is: how can we help young people to accept themselves and be resistant to this toxic consumerist manipulation?",shein,"If you think fast fashion is bad, check out SHEIN"
"â€œWe are studentsâ€¦low on fundsâ€ yet I can see a bag strap with the LV monogram all over it 

Letâ€™s face it, majority of people who are buying insane amounts of clothing from any fast fashion brand is doing it to keep up with the trends 

When I stopped following trends and found my own personal style that suits me, I found it much much easier to resist buying new clothes every other week. Not only does this save my wallet and the planet, I found yourself much happier with the clothes I have and didnâ€™t have the â€œI have nothing to wearâ€ feeling anymore",shein,"If you think fast fashion is bad, check out SHEIN"
The issue is honestly that we overconsumeâ€¦ i know damn well the girl that said â€why would i pay more when i can have it for lessâ€œ buys clothes regularly every month which SHOULDNT be the norm. You dont need 10000pieces of clothing. We need to get back to the mindset where less is more.,shein,"If you think fast fashion is bad, check out SHEIN"
"Also remember, clothes from well known fashion brands and that are more expensive not necessarily means good quality or ethically made too. Just stop over consuming clothes and be mindful with what we wear. Donâ€™t follow fashion trends, they just want you to spend!",shein,"If you think fast fashion is bad, check out SHEIN"
I completely agree. Btw Zara and other more expensive clothing stores are still fast fashion too! even though theyâ€™re more expensive. Mid/higher end prices doesnâ€™t equal good quality in the U.S ):,shein,"If you think fast fashion is bad, check out SHEIN"
"This makes me so angry because the ones who are usually used as scapegoats when it comes to condemning fast fashion are the people who really have no choice. Not everybody has the means and privilege to afford sustainable clothing. 
And then there's people doing massive Shein hauls for hundreds or even thousands of bucks, meaning they clearly have the funds to make better, more ethical and sustainable choices but they simply choose not to because doing a massive haul of the latest trends is good content.",shein,"If you think fast fashion is bad, check out SHEIN"
Not to mention how Shein routinely steals designs and intellectual property from small designers (particularly minority designers) and outsells them before the designers can even do anything about it,shein,"If you think fast fashion is bad, check out SHEIN"
"As a girl in highschool (I live in the Netherlands) who thrifts all of her clothes (everything except for of course underwear and swimwear), I really hate shein. It is not only bad for the environment, but people also donâ€™t KNOW that it is bad. I see more and more clothes from shein in thrift shops and people just arenâ€™t aware enough of the downsides of fast fashion.",shein,"If you think fast fashion is bad, check out SHEIN"
"Iâ€™m so glad fast fashion brands like shein were banned in India recently, itâ€™s worth the sacrifice since it will hopefully allow local creators to blossom and lower the demand immensely on the unethical factories that make these clothes",shein,"If you think fast fashion is bad, check out SHEIN"
"To the kids saying they don't have money to buy anything more expensive: just don't. Don't buy it. You don't really need it and it's not worth it. If you want a cheap winter jacket etc, buy second hand, there are mountains of discarded clothes waiting to be recycled or burned",shein,"If you think fast fashion is bad, check out SHEIN"
"The problem wasn't your average person who buy clothes, it's the people who hauls because the price is so cheap and ended up no even wearing them",shein,"If you think fast fashion is bad, check out SHEIN"
"Everyone around me buys Shein. Now, I do understand the fact that why go spend more when you can spend less. And it is true that not everybody can afford better brands and that almost all brands work like this nowadays. Honestly the reason I never gave in to Shein or other stuff is because they also steal artists work. I mostly thrift my clothes, or don't buy at all. If I have to, I stay in between my budget by trying to polluting less. My advices especially to young people are:
- don't buy what you don't really need
- don't buy what you don't really like
- buy what lasts
- buy versatile, basic essentials clothing to mix and match
- only splurge once in a while and try to make it a good sustainable one
- swap clothes w friends, relatives etc or thrift them
- ignore the urge to mass buy you don't need that many clothes",shein,"If you think fast fashion is bad, check out SHEIN"
"As I have gotten older, I highly value the quality of a well made piece of clothing. I've been buying a LOT of made in the US clothing. I want the opposite of fast fashion. I want to buy clothes that maybe can last me the rest of my life.",shein,"If you think fast fashion is bad, check out SHEIN"
"It was formerly named ""She Inside"", then changed into just ""She-in"", so that's how it's pronounced.
I was getting their newsletter back then lol",shein,"If you think fast fashion is bad, check out SHEIN"
"We need to stop treating climate change like it's an individual problem. It's the corporations we need to be talking to, not trying to dish out responsibility to poor/broke people. Katy Perry and the like have no excuse, but MOST people cannot afford to spend $80 on one piece of sustainable clothing.

Edit: U can argue until u turn blue, but the fact is 100 energy companies are responsible for 71% of **ALL** emissions.",shein,"If you think fast fashion is bad, check out SHEIN"
Probably the best Nike commercial I've seen in a while,nike,Nike Uses Secret Lab and Innovation to Fuel Turnaround
Please make hockey equipment again. Your sticks are skates were great. Edit: and your jerseys were also fantastic!,nike,Nike Uses Secret Lab and Innovation to Fuel Turnaround
You can tell Corvix CRV is being built by a serious team â€” transparency and delivery are top-notch.,nike,Nike Uses Secret Lab and Innovation to Fuel Turnaround
"Ok, this kind of inside look actually makes me excited for the Nike brand again, looks like they are getting back to what they were known for, being a sports brand, giving performance first place :)",nike,Nike Uses Secret Lab and Innovation to Fuel Turnaround
When you focus on the majority of the people you will learn more than when you focus on the top athletes that are naturally gifted.,nike,Nike Uses Secret Lab and Innovation to Fuel Turnaround
The early momentum of CRV Corvix reminds me of the best 2021 bull-run projects.,nike,Nike Uses Secret Lab and Innovation to Fuel Turnaround
"The more I research CRV Corvix, the more Iâ€™m convinced this oneâ€™s special.",nike,Nike Uses Secret Lab and Innovation to Fuel Turnaround
The Corvix CRV roadmap is ambitious but well-thought-out â€” not just hype.,nike,Nike Uses Secret Lab and Innovation to Fuel Turnaround
all you need to do is cut marketing bs and make shoes cheaper so people dont have to pay 200$ for 20$ sneakers,nike,Nike Uses Secret Lab and Innovation to Fuel Turnaround
Canadians are finally learning that real estate is not a get rich quick scheme with no risk,nike,Nike Uses Secret Lab and Innovation to Fuel Turnaround
CRV Corvix is executing at a pace that most early-stage projects canâ€™t match.,nike,Nike Uses Secret Lab and Innovation to Fuel Turnaround
Corvix presale looks like a smart entry point.,nike,Nike Uses Secret Lab and Innovation to Fuel Turnaround
"Itâ€™s always the quiet, early builders like CRV Corvix that end up doing 100x later.",nike,Nike Uses Secret Lab and Innovation to Fuel Turnaround
CRV Corvix is quietly setting itself up for a huge breakout moment.,nike,Nike Uses Secret Lab and Innovation to Fuel Turnaround
The Corvix presale could easily mark the start of something huge.,nike,Nike Uses Secret Lab and Innovation to Fuel Turnaround
Corvix CRV could very well become one of the defining tokens of this AI cycle.,nike,Nike Uses Secret Lab and Innovation to Fuel Turnaround
Corvix presale timing couldnâ€™t be better.,nike,Nike Uses Secret Lab and Innovation to Fuel Turnaround
Utility + hype + clear vision = Corvix token in one formula.,nike,Nike Uses Secret Lab and Innovation to Fuel Turnaround
Smart investors are quietly stacking CRV Corvix before it takes off.,nike,Nike Uses Secret Lab and Innovation to Fuel Turnaround
"Wow, all fluff and no substance.",nike,Nike Uses Secret Lab and Innovation to Fuel Turnaround
â¤â¤â¤â¤â¤StyleğŸ˜®ğŸ˜®ğŸ˜®ğŸ‰ğŸ‰ğŸ‰,adidas,TOP 10 BeSt ADIDAS Shoe  OUTLET
Good ğŸ‘ choice â¤â¤â¤â¤â¤ 42â¤ğŸ’«,adidas,TOP 10 BeSt ADIDAS Shoe  OUTLET
I like these shoes.,adidas,TOP 10 BeSt ADIDAS Shoe  OUTLET
âœ¨âœ¨âœ¨ğŸš€âœ¨âœ¨âœ¨,adidas,TOP 10 BeSt ADIDAS Shoe  OUTLET
Good morning to all my friends â¤,adidas,TOP 10 BeSt ADIDAS Shoe  OUTLET
Hey Marylou good morning â˜€ï¸ happy Monday love u so much ur the best love adidas shoes they r so comfortable and so cute my favorite shoes ğŸ‘ have a nice day ğŸ˜Š,adidas,TOP 10 BeSt ADIDAS Shoe  OUTLET
"Hi Mary, I love your videos ğŸŒ¹",adidas,TOP 10 BeSt ADIDAS Shoe  OUTLET
are you from ITLY dear friend,adidas,TOP 10 BeSt ADIDAS Shoe  OUTLET
supr  znaÄka   supr  barvy  letnÃ­ co  letÃ­  2024,adidas,TOP 10 BeSt ADIDAS Shoe  OUTLET
â¤â¤â¤,adidas,TOP 10 BeSt ADIDAS Shoe  OUTLET
"Lazaro,,,,,,4142",adidas,TOP 10 BeSt ADIDAS Shoe  OUTLET
This is the price after deducting the discount?,adidas,TOP 10 BeSt ADIDAS Shoe  OUTLET
palite ko Tita ğŸ˜…â¤â¤â¤,adidas,TOP 10 BeSt ADIDAS Shoe  OUTLET
= _ =$$$$$Ø§Ù„Ù‡Ù… ØµÙ„ Ø§Ø¹Ø¸Ù… Ùˆ Ø§ÙƒØ«Ø± Ùˆ Ø§Ø¨Ù‡Ø§ Ùˆ Ø§Ø¹Ø·Ø± Ùˆ Ø§ÙƒÙ…Ù„ Ùˆ Ø§Ù†ÙˆØ± ØµÙ„Ø§ØªÙƒ Ø¹Ù„Ù‰ Ø®ÙŠØ± Ùˆ Ø³ÙŠØ¯ Ù…Ø®Ù„ÙˆÙ‚Ø§ØªÙƒ Ø³ÙŠØ¯Ù†Ø§ Ù…Ø­Ù…Ø¯ ÙˆØ¹Ù„Ù‰ Ø¢Ù„Ù‡ ÙˆØ§Ø¨Ø§Ø¡Ù‡ ÙˆØ§Ø¬Ø¯Ø§Ø¯Ù‡ ÙˆØ³Ù„Ù… ØªØ³Ù„ÙŠÙ…Ø§ ÙƒØ«ÙŠØ±Ø§ Ø¹Ø¯Ø¯ Ø®Ù„Ù‚Ùƒ Ùˆ Ø²Ù†Ø© Ø¹Ø±Ø´Ùƒ ÙˆØ±Ø¶Ø§Ø¡ Ù†ÙØ³Ùƒ ÙˆÙ…Ø¯Ø§Ø¯ ÙƒÙ„Ù…Ø§ØªÙƒ ÙˆÙ…Ù„Ø¦ Ø§Ù„Ø³Ù…ÙˆØ§Øª ÙˆÙ…Ù„Ø¦ Ø§Ù„Ø§Ø±Ø¶ ÙˆÙ…Ù„Ø¦  Ù…Ø§ Ø¨ÙŠÙ†Ù‡Ù…Ø§ ÙˆÙ…Ù„Ø¦ Ù…Ø§ Ø´Ø¦Øª Ù…Ù† Ø´Ø¦ Ø¨Ø¹Ø¯ Ùˆ Ø¹Ø¯Ø¯ Ù…Ø¹Ù„ÙˆÙ…Ø§ØªÙƒ Ùˆ Ù…Ø¯Ø§Ø¯ ÙƒÙ„Ù…Ø§ØªÙƒ ÙˆÙƒÙ„Ù…Ø§ Ø°ÙƒØ±Ùƒ Ø§Ù„Ø°Ø§ÙƒØ±ÙˆÙ† ÙˆØºÙÙ„ Ø¹Ù† Ø°ÙƒØ±Ùƒ Ø§Ù„ØºØ§ÙÙ„ÙˆÙ† Ùˆ ÙÙ‰ ÙƒÙ„ Ø²Ù…Ø§Ù† ÙˆÙÙ‰ ÙƒÙ„ Ù…ÙƒØ§Ù† ÙˆÙ‚Ø¨Ù„ Ø§Ù„Ø²Ù…Ø§Ù† ÙˆÙ‚Ø¨Ù„ Ø§Ù„Ù…ÙƒØ§Ù† ÙˆØ¨Ø¹Ø¯ Ø§Ù„Ø²Ù…Ø§Ù† ÙˆØ¨Ø¹Ø¯ Ø§Ù„Ù…ÙƒØ§Ù† ÙˆÙÙ‰ Ø§Ù„Ø§ Ø²Ù…Ø§Ù† Ùˆ ÙÙ‰ Ø§Ù„Ø§ Ù…ÙƒØ§Ù† Ù…Ù† Ø¨Ø¯Ø¡ Ø§Ù„Ø¨Ø¯Ø¡ Ø§Ù„Ù‰ Ù…Ù†ØªÙ‡Ù‰ Ø§Ù„Ù…Ù†ØªÙ‡Ù‰ Ø¨Ù„Ø§ Ø§Ø¨ØªØ¯Ø§Ø¡ ÙˆÙ„Ø§ Ø§Ù†ØªÙ‡Ø§Ø¡ Ø¯Ø§Ø¦Ù…ØªØ§  Ø§Ø¨Ø¯Ø§ Ù…ÙˆØµÙˆÙ„Ù‡ Ù„Ø§ Ø§Ù†Ù‚Ø·Ø§Ø¹ ÙÙŠÙ‡Ø§ Ø§Ù…ÙŠÙ† Ø§Ù…ÙŠÙ† Ø§Ù…ÙŠÙ† ÙŠØ§ Ø±Ø¨ Ø§Ù„Ø¹Ø§Ù„Ù…ÙŠÙ†$$$$$= _ =,adidas,TOP 10 BeSt ADIDAS Shoe  OUTLET
85,adidas,TOP 10 BeSt ADIDAS Shoe  OUTLET
"ğŸ”µSign Up For My FREE 6 Day Ecommerce Course - https://mywifequitherjob.com/free.php?v=shein
ğŸ”µSign Up For My Full E-commerce Course - https://profitableonlinestore.com
ğŸ”µOrder My Wall Street Journal Bestseller The Family First Entrepreneur And Get $690 In Bonuses - https://thefamilyfirstentrepreneur.com",shein,Buyers Beware! Is Shein Legit And Safe To Buy From? (My Unbiased Review)
I have ordered several times and have never had a problem with receiving them,shein,Buyers Beware! Is Shein Legit And Safe To Buy From? (My Unbiased Review)
"I love how you break it down in the review, very detailed, precise and informative.  I was impressed so much I clicked the subscribe button which I am usually very picky about doing. I look forward to watching more of your videos! Nice to meet you!",shein,Buyers Beware! Is Shein Legit And Safe To Buy From? (My Unbiased Review)
"My personal experience, the clothes are low quality, smaller size than stated and different from picturesâ€¦ and yes some of the clothes reeks of strong chemicals",shein,Buyers Beware! Is Shein Legit And Safe To Buy From? (My Unbiased Review)
"I am not a Shein customer, but my son was and if there were any doubts in the event of an item being returned: the company captures the refund, that is, the amount will never be returned to us, forcing the customer to be held hostage by a purchase.
That's not legal, it's a crime.
There's no customer support the company only respond automatically through a robot which makes the way they treat customers even more disgusting and despicable.
This was the LAST time any member of my family will make any purchases from Shein and I will disclose as much as possible about this execrable system of usurping other people's money.
REPULSIVE!",shein,Buyers Beware! Is Shein Legit And Safe To Buy From? (My Unbiased Review)
"That my first go to side to order clothes, housewares, jewelry, shoes is shein... Their return policy is super easy I've only had to return one thing and you go to h&m to return it. I have been ordering from them for years.  The shipping time is absolutely on par. To me she and is a combination of target, Amazon, Etsy all into one",shein,Buyers Beware! Is Shein Legit And Safe To Buy From? (My Unbiased Review)
both my mom and I buy from Shein and the clothes have all come out good quality and we even sometimes get our things a few days before they are supposed to get here,shein,Buyers Beware! Is Shein Legit And Safe To Buy From? (My Unbiased Review)
Is it very safe !!! I have used them loads and itâ€™s always arrived ğŸ‘,shein,Buyers Beware! Is Shein Legit And Safe To Buy From? (My Unbiased Review)
"I ordered four blouses from Shein that were advertised as 100% cotton. They were not, they were the cheapest possible synthetic, and I tried to go through the return process. It is horribly designed on the site (each item purchased seems to be its own ""order"" and each must be photographed, with apparently a separate mailing label for each, it's a real mess of dead ends and loops), and I was not able to complete it on the site, but did get in touch with customer service. They sent me a return label and I sent the blouses back through UPS. Shein never acknowledged receipt and did not refund the blouses. At my complaint, they sent me one of the blouses back! The representative refused to put me in touch with a senior staff member and refused all my attempts to get a refund. Horrible, horrible service.",shein,Buyers Beware! Is Shein Legit And Safe To Buy From? (My Unbiased Review)
"I buy regularly from SHEIN. Iâ€™m satisfied with most items, but with each buy, there are a few items poorly made with terrible material.  Their sizing is inconsistent.",shein,Buyers Beware! Is Shein Legit And Safe To Buy From? (My Unbiased Review)
"Update: you can return items to Forever 21 stores. You just need the bag ( not mail package) it came in. I immediately received a text from SHEIN that they received my returns and that my refund was processing. By end of day my refund was processed, again notified by text  and all it took was a 10 min drive to my local mall. It's a game changer!",shein,Buyers Beware! Is Shein Legit And Safe To Buy From? (My Unbiased Review)
"I have 3 fraudulent charges to my bank account  from shein.  Until then, I had never even heard of the place.",shein,Buyers Beware! Is Shein Legit And Safe To Buy From? (My Unbiased Review)
Why do they have product on the website for one price but when you put in the basket to buy the price goes nearly double,shein,Buyers Beware! Is Shein Legit And Safe To Buy From? (My Unbiased Review)
"In my experience, you get what you pay for with Shein.",shein,Buyers Beware! Is Shein Legit And Safe To Buy From? (My Unbiased Review)
Better than temu. I've had to return half my temu stuff.,shein,Buyers Beware! Is Shein Legit And Safe To Buy From? (My Unbiased Review)
"just bought first time from shein, waiting for my huge order to be shipped it takes around 2 weeks to arrive on average i guess. i spent around $150 for 30-35 clothing items i found useful for me.",shein,Buyers Beware! Is Shein Legit And Safe To Buy From? (My Unbiased Review)
"Thanks for a great video, fast fashion is known as the dirtiest industry after oil industry, I should not buy cheap clothes on any company.",shein,Buyers Beware! Is Shein Legit And Safe To Buy From? (My Unbiased Review)
I have to be honest I have never had a problem with shein. The products sometimes sooner than said. The clothes are affordable. Clothes in america very expensive. I buy a lot if tunics .,shein,Buyers Beware! Is Shein Legit And Safe To Buy From? (My Unbiased Review)
I just got my 1st order from shein and most things are so bad.,shein,Buyers Beware! Is Shein Legit And Safe To Buy From? (My Unbiased Review)
depends on the country ur buying from. service can differ according to that.,shein,Buyers Beware! Is Shein Legit And Safe To Buy From? (My Unbiased Review)
My eyebrows constantly shooting UP in surprise. Rodrigo a true street veteran. I don't think he's ever dropped a bad part! So much creativity - possibly THE most consistent pro of all time WOW <3,adidas,adidas Skateboarding Presents /// Rodrigo TX ALÃ‰M MAR
On the top of skateboarding for 25 years! Legend!,adidas,adidas Skateboarding Presents /// Rodrigo TX ALÃ‰M MAR
Man Rodrigo still so damn good after all these years! ğŸ¤¯,adidas,adidas Skateboarding Presents /// Rodrigo TX ALÃ‰M MAR
"This guy has been king since 25 years ago, I am glad to see he is still killing it.
â¤ï¸ğŸ‡²ğŸ‡½",adidas,adidas Skateboarding Presents /// Rodrigo TX ALÃ‰M MAR
"Rodrigo, the gift that keeps on giving.",adidas,adidas Skateboarding Presents /// Rodrigo TX ALÃ‰M MAR
I always loved his stomp on all his tricks!,adidas,adidas Skateboarding Presents /// Rodrigo TX ALÃ‰M MAR
PatrimÃ´nio tombado brasileiro... transcendendo vÃ¡rias dÃ©cadas!,adidas,adidas Skateboarding Presents /// Rodrigo TX ALÃ‰M MAR
Desde do inÃ­cio sempre foi o meu skatista favorito e Ã© atÃ© hoje obrigado por continuar andando de carrinho tu Ã© uma inspiraÃ§Ã£o para todos nÃ³s,adidas,adidas Skateboarding Presents /// Rodrigo TX ALÃ‰M MAR
Always amazing! One of the best to ever do it.,adidas,adidas Skateboarding Presents /// Rodrigo TX ALÃ‰M MAR
"Nosso mano Bisnaga, TXâ€¦ um dos maiores ğŸ‘ŠğŸ¿ğŸ¤™ğŸ¿",adidas,adidas Skateboarding Presents /// Rodrigo TX ALÃ‰M MAR
Nosso monstro sagrado ğŸ¥°ğŸ’• inspiraÃ§Ã£o,adidas,adidas Skateboarding Presents /// Rodrigo TX ALÃ‰M MAR
"Brabo, elegÃ¢ncia e sofisticaÃ§Ã£o no role, TX patrimÃ´mio do skate Brasileiro",adidas,adidas Skateboarding Presents /// Rodrigo TX ALÃ‰M MAR
Legend still rippin!! ğŸ”¥ğŸ”¥ğŸ”¥ğŸ™ŒğŸ½ğŸ™ŒğŸ½ğŸ™ŒğŸ½,adidas,adidas Skateboarding Presents /// Rodrigo TX ALÃ‰M MAR
"Show! Continua mandando muito bem na arte. Representando o Brasil com muita tÃ©cnica, estilo e humildade na base. ğŸ›¹ğŸ¯ğŸ’¯ Meus sentimentos guerreiro!",adidas,adidas Skateboarding Presents /// Rodrigo TX ALÃ‰M MAR
O rei nunca perde a majestade,adidas,adidas Skateboarding Presents /// Rodrigo TX ALÃ‰M MAR
Tem que respeitar bravo de mais ğŸ™ğŸ¿ğŸ«¶ğŸ¿â¤ï¸ğŸ«¶ğŸ¿â¤ï¸ğŸ™ğŸ¿ğŸ«¶ğŸ¿â¤ï¸,adidas,adidas Skateboarding Presents /// Rodrigo TX ALÃ‰M MAR
"TX still crushing it!,",adidas,adidas Skateboarding Presents /// Rodrigo TX ALÃ‰M MAR
Watched it rewound it and watch it again. Will always be hyped on anything TX!,adidas,adidas Skateboarding Presents /// Rodrigo TX ALÃ‰M MAR
carai Rodrigo ta tipo whisky squaaahh! Valduguinha amassou nas imagens ğŸ˜ğŸ˜,adidas,adidas Skateboarding Presents /// Rodrigo TX ALÃ‰M MAR
vamo meu squahhhhğŸš€ğŸš€ğŸš€ğŸš€ğŸš€ğŸš€,adidas,adidas Skateboarding Presents /// Rodrigo TX ALÃ‰M MAR
"A 13 min video doesn't do right to this inhuman achievement, we need a full documentary!!",adidas,Chasing 100: The Incredible Story Of Historyâ€™s Fastest Ever 100km Ultramarathon | adidas
"This should have been a deeper storyline, character building, 1hr doco. Would be amazing.  Congrats to everyone.",adidas,Chasing 100: The Incredible Story Of Historyâ€™s Fastest Ever 100km Ultramarathon | adidas
The final shot of him finishing was incredible!,adidas,Chasing 100: The Incredible Story Of Historyâ€™s Fastest Ever 100km Ultramarathon | adidas
Aleksandr is a very humble guy. Great ambassador for the sport of ultrarunning.,adidas,Chasing 100: The Incredible Story Of Historyâ€™s Fastest Ever 100km Ultramarathon | adidas
Adidas did something special by allowing the athletes to speak in a language they are accustomed to. Well done Sibu!,adidas,Chasing 100: The Incredible Story Of Historyâ€™s Fastest Ever 100km Ultramarathon | adidas
"The last shot panning up to the clock was incredible, absolute cinema",adidas,Chasing 100: The Incredible Story Of Historyâ€™s Fastest Ever 100km Ultramarathon | adidas
"Aleksandr is superhuman - considering his background, his size (he is 20kg heavier than Joe Fukuda for example) and his age -his achievements are mind bending. And he still holds the 100km world record under official race conditions (legal shoes, drafting distance)",adidas,Chasing 100: The Incredible Story Of Historyâ€™s Fastest Ever 100km Ultramarathon | adidas
This needs a bigger documentary.,adidas,Chasing 100: The Incredible Story Of Historyâ€™s Fastest Ever 100km Ultramarathon | adidas
"Congrats to Sibu. Alex doing this at 43 years old is inspirational for us, recreational runners.",adidas,Chasing 100: The Incredible Story Of Historyâ€™s Fastest Ever 100km Ultramarathon | adidas
SA stand upğŸ‡¿ğŸ‡¦ğŸ‡¿ğŸ‡¦ğŸ‡¿ğŸ‡¦ğŸ‡¿ğŸ‡¦ğŸ‡¿ğŸ‡¦thank you Sbuda for making us proud emzansi,adidas,Chasing 100: The Incredible Story Of Historyâ€™s Fastest Ever 100km Ultramarathon | adidas
"Bro i did 3:55 for 3 Kilometres yesterday and was cooked, and im already a ""good"" runner - this achivement is out of this world!! Need way more attention!!! Congrats from germany :)",adidas,Chasing 100: The Incredible Story Of Historyâ€™s Fastest Ever 100km Ultramarathon | adidas
"Absolutely incredible!!! Well done to Sbusiso and fellow runners, and the entire Adidas team for this. Terrific!

Proper translation of Sbu's last words in this video: ""What I can say to runners is that you must believe in yourself and believe in the thing you are doing. You must also love it in order to see it going forward (or be a success).""",adidas,Chasing 100: The Incredible Story Of Historyâ€™s Fastest Ever 100km Ultramarathon | adidas
"Using marketing money for this kind of achievements I think should be a duty for any sports brand. 
Well done to the athletes for their incredible marks and thank you Adidas for this amazing video, although it felt a bit short.
I will actively support brands that use their money to promote this kinds of things because I believe is the right thing to do.",adidas,Chasing 100: The Incredible Story Of Historyâ€™s Fastest Ever 100km Ultramarathon | adidas
"THIS NEEDS A DOCUMENTATION SERIES!! Ultra respect to every athlete, this are legends walking around us.",adidas,Chasing 100: The Incredible Story Of Historyâ€™s Fastest Ever 100km Ultramarathon | adidas
I'd pay to see the full documentary of this! Congratulations to all the athletes and adidas team!,adidas,Chasing 100: The Incredible Story Of Historyâ€™s Fastest Ever 100km Ultramarathon | adidas
THE SHOT WERE YOU THE TIMER IS SHOWN FROM TOP IS JUST SO INSANE,adidas,Chasing 100: The Incredible Story Of Historyâ€™s Fastest Ever 100km Ultramarathon | adidas
Iâ€™m crying bro congratsğŸ‰,adidas,Chasing 100: The Incredible Story Of Historyâ€™s Fastest Ever 100km Ultramarathon | adidas
Great video and homage to the sport of ultrarunning. So glad to see Aleksandr Sorokin being humble and proud of the next generation. I was there at Bedford when he broke the 100km world record! Heâ€™s a cool guyğŸ‘ğŸ»,adidas,Chasing 100: The Incredible Story Of Historyâ€™s Fastest Ever 100km Ultramarathon | adidas
"I honestly shed a tear, cause I understand what these athletes did. Dare to be brave! â¤Weâ€™ll done babâ€™ Khubheka ğŸ‡¿ğŸ‡¦",adidas,Chasing 100: The Incredible Story Of Historyâ€™s Fastest Ever 100km Ultramarathon | adidas
"I would actually watch a full documentary on this story, and Iâ€™m sure that many others would too. Please Adidas. Also love your Evo SLâ€™s",adidas,Chasing 100: The Incredible Story Of Historyâ€™s Fastest Ever 100km Ultramarathon | adidas
Iâ€™ve been watching you for so long now cali you grew so much have a blessed day!ğŸ˜˜,shein,Cali&#39;s SHEIN Summer Try-on Haul
Our little calis growing upğŸ¥¹ğŸ¥¹ğŸ¥¹ğŸ¥¹ğŸ¥¹Iâ€™m so proud of her,shein,Cali&#39;s SHEIN Summer Try-on Haul
YOUR NEW SONG IS FIRE ğŸ”¥ â¤,shein,Cali&#39;s SHEIN Summer Try-on Haul
Thatâ€™s so cool. I love shein,shein,Cali&#39;s SHEIN Summer Try-on Haul
Period that 3rd outfit ateâ¤â¤,shein,Cali&#39;s SHEIN Summer Try-on Haul
Slay cali love itâ™¥ï¸â™¥ï¸â™¥ï¸â™¥ï¸â™¥ï¸â™¥ï¸â™¥ï¸,shein,Cali&#39;s SHEIN Summer Try-on Haul
Lol I love clothes!!â¤â¤â¤â¤,shein,Cali&#39;s SHEIN Summer Try-on Haul
I love them you have great taste â¤â¤â¤ğŸ‰ğŸ‰ğŸ˜ŠğŸ˜Š,shein,Cali&#39;s SHEIN Summer Try-on Haul
"Hey cali i love your outfits its so cute on you,hope you are having a wonderful monday and stay safe out there ğŸ¤—â¤ï¸",shein,Cali&#39;s SHEIN Summer Try-on Haul
live love SHEINğŸ˜,shein,Cali&#39;s SHEIN Summer Try-on Haul
STOP THATS TOP IS SO CUTEğŸ˜ğŸ˜ğŸ˜ğŸ˜,shein,Cali&#39;s SHEIN Summer Try-on Haul
Wow I love cali with my whole heart â¤â¤she is blessed to have a family like that,shein,Cali&#39;s SHEIN Summer Try-on Haul
I loved her first dress,shein,Cali&#39;s SHEIN Summer Try-on Haul
I'm in love with the whole crop top and at the begging of the video I love the first shirt,shein,Cali&#39;s SHEIN Summer Try-on Haul
Hey Cali  how are you doing i watch all your videos â¤ï¸ğŸ‰,shein,Cali&#39;s SHEIN Summer Try-on Haul
Pretty dresses ğŸ‘—â¤,shein,Cali&#39;s SHEIN Summer Try-on Haul
Cali has grown up so much since the last time I watched her,shein,Cali&#39;s SHEIN Summer Try-on Haul
Such cute fits omgâ¤â¤â¤,shein,Cali&#39;s SHEIN Summer Try-on Haul
I'm such a fanğŸ˜Š,shein,Cali&#39;s SHEIN Summer Try-on Haul
Cali should do a room tour her room is lit ğŸ”¥,shein,Cali&#39;s SHEIN Summer Try-on Haul
"Love the EVO SL, bought a pair and worn once. Now I have three colourways!",adidas,Top 10 Adidas for 2025
"Got the adizero evo SLs in black colourway  â€¦ damn those are fire I must say. Possibly the lightest shoe Iâ€™ve ever put on. Was skeptical at first about thin layer of continental rubber outsole, but thatâ€™s holding up pretty well.  I wear them almost daily casually",adidas,Top 10 Adidas for 2025
"I hope the EVO SL becomes a classic staple same way we have Air Force 1s and Stan Smiths, I legit just wanna keep re-buying it every time I get it worn out.",adidas,Top 10 Adidas for 2025
"Evo SL just looks phenomenal it just has a very clean, great looking aesthetic",adidas,Top 10 Adidas for 2025
Hey Seth was wondering if APTHCRY will ever make running socks like for marathons?,adidas,Top 10 Adidas for 2025
Wait is this his first time doing a top 10 for only adidas letâ€™s go ğŸ‰ğŸ‰ put some respect on the three stripes,adidas,Top 10 Adidas for 2025
"Here in europe i think the speziale is the one thats most sold, its in every shop that has addidas",adidas,Top 10 Adidas for 2025
timestamps...,adidas,Top 10 Adidas for 2025
"People really do be sleeping on the Adios 9. Personally think it's better than the Evo SL which looks a bit chunky for lifestyle use, and a bit unstable for my liking for running.",adidas,Top 10 Adidas for 2025
I got the handball because I got side feet and sambas and normal gazelles are too narrow. The bad bunny pair is wide enough but I donâ€™t have any,adidas,Top 10 Adidas for 2025
What about the aruku?,adidas,Top 10 Adidas for 2025
"""It's great on court."" Stop it. Stop it now. Everyone knows you never went anywhere near a basketball court in those shoes.",adidas,Top 10 Adidas for 2025
"I just ordered the Evo SL Humanrace black colorway, man I want them to ship already lol",adidas,Top 10 Adidas for 2025
Not having Adidas XLG Runner Deluxe is a crime,adidas,Top 10 Adidas for 2025
"Is this real, a video on just adidas!!?? Thank you! I mostly only wear adiadas",adidas,Top 10 Adidas for 2025
"Most premium adidas basketball shoes is the FOG basketball high, and not the Harden vol 10s",adidas,Top 10 Adidas for 2025
Goukana sole is a foam funner,adidas,Top 10 Adidas for 2025
Try the Bermuda's,adidas,Top 10 Adidas for 2025
"I own several of the Pharrell collabs and also a couple of evo sl colourways so was excited at the idea of an evo special, but I'm disappointed in the result if im honest.",adidas,Top 10 Adidas for 2025
adizero yellow nice shoes,adidas,Top 10 Adidas for 2025
"Wakha tasribat , itoub 3la l abtal li khlawni nswer l clip o nlo7o f 3jr , #ITOUB",adidas,7Liwa - Adidas (Official Music Video) #WF5
7LIWA N.1,adidas,7Liwa - Adidas (Official Music Video) #WF5
Prime 7Liwa ğŸ˜¢,adidas,7Liwa - Adidas (Official Music Video) #WF5
Ø­Ù„ÙŠÙˆØ© Ø§Ù„ØªØ§Ø±ÙŠØ® Ø£ÙŠØ§Ù… Ø§Ù„Ø²Ù…Ù† Ø§Ù„Ø¬Ù…ÙŠÙ„ ğŸ’ªğŸ’¯ğŸ‡²ğŸ‡¦ğŸ¤¯ğŸ¥³,adidas,7Liwa - Adidas (Official Music Video) #WF5
7liwa aura is something else,adidas,7Liwa - Adidas (Official Music Video) #WF5
Ù‡Ø§Ø¯ Ø§Ù„Ø³Ø§Ø· ØºÙŠÙƒÙˆÙ† Ø´ÙŠ Ø­Ø§Ø¬Ø© Ù…Ù† Ù‡Ù†Ø§ Ù„Ù‚Ø¯Ø§Ù…,adidas,7Liwa - Adidas (Official Music Video) #WF5
"Chun tfaker had trakate âœ¨âœ¨
Aliyam ğŸ’«âœ¨",adidas,7Liwa - Adidas (Official Music Video) #WF5
Ø§ÙŠÙŠÙŠÙŠÙ‡ Ø§Ù„ÙŠØ§Ø§Ø§Ø§Ø§Ù… â¤ï¸â¤ï¸â¤ï¸ Ø´Ø­Ø§Ù„ Ø¯Ø§Ø² Ùˆ Ù‡Ø¯Ø´ÙŠ Ù…ØªÙ†Ø³Ø§Ø´ Ù„ÙŠÙ†Ø§ ØºÙŠØ± Ø§Ù„Ø§Ø¨Ø·Ø§Ù„ Ø§ÙŠ ØºÙŠØ¨Ø§Ù†Ùˆ,adidas,7Liwa - Adidas (Official Music Video) #WF5
ÙŠØ§Ù…Ø§Øª Ø§Ù„Ø¹Ø²...â¤ï¸,adidas,7Liwa - Adidas (Official Music Video) #WF5
"Ø§Ù„ÙŠ Ø¬Ø§ÙŠ ÙŠØªÙÙƒØ± Ø­Ù„ÙŠÙˆØ© ÙÙŠØ§Ù…Ø§Øª Ø§Ù„Ø¹Ø² 
ÙŠØ³Ø·Ø§Ø³ÙŠÙˆÙ†ÙŠ",adidas,7Liwa - Adidas (Official Music Video) #WF5
top 3 ma trap songs of all time                                                                                                                                                                                                            1 nik dt                                                                                                                                                                                                                                            2 adidas                                                                                                                                                                                                                                               3 tfo,adidas,7Liwa - Adidas (Official Music Video) #WF5
MLi katsme3 lmzika katgol Gha kaykhewr wallakin lyrics kayban lik l3kess.. twa7chna 7liwa L9diim ğŸ’â¤ï¸â˜„ï¸â˜„ï¸â˜„ï¸â˜„ï¸â˜„ï¸â˜„ï¸ğŸŒ‹ğŸŒ‹ğŸŒ‹ğŸŒ‹,adidas,7Liwa - Adidas (Official Music Video) #WF5
"Ø´Ù…Ø³ Ø§Ù„Ø¹Ø´ÙŠØ© ğŸ˜“


ğŸ’”",adidas,7Liwa - Adidas (Official Music Video) #WF5
"Ø¨ØµØ±Ø§Ø­Ø© Ø­Ù„ÙŠÙˆØ© ÙÙˆÙˆÙˆÙˆÙˆØ± Ø¨Ù„Ø¨Ø²Ø§Ù ğŸ˜ğŸ˜
ØªØ­ÙŠØ© Ù„ÙŠÙƒÙ… Ø®Ø§ÙˆØªÙ†Ø§ Ø§Ù„Ù…ØºØ§Ø±Ø¨Ø© ğŸ˜˜les hooimes",adidas,7Liwa - Adidas (Official Music Video) #WF5
"2019
2020
2021
2022
2023
2024
2025
......
 ÙˆÙ…Ø²Ø§Ù„ ÙƒØ§Ù†Ø·Ù„ Ø¹Ù„ÙŠÙ‡Ø§ 
ÙˆØ§Ù‚ÙŠÙ„Ø§ ØºØ§ Ø§Ù†Ø§ Ø¨ÙˆØ­Ø¯ÙŠ ÙƒÙˆÙ„Ø´ÙŠ Ù‚Ù„Ø¨Ù‡Ø§ ÙˆØ§ÙŠ ÙˆØ§ÙŠ",adidas,7Liwa - Adidas (Official Music Video) #WF5
2024 And This Song Still My Best One!!,adidas,7Liwa - Adidas (Official Music Video) #WF5
from DZ i missed 7liwa ya zbi,adidas,7Liwa - Adidas (Official Music Video) #WF5
Ghatb9aa nta howaa a9wad wa7edd asatâ¤â¤2021,adidas,7Liwa - Adidas (Official Music Video) #WF5
Jina ntfekro 7liiiiiiiwa deyale besseh ima dB mab9ina fahmiiin walo ğŸ‘ŒğŸ‘Œ,adidas,7Liwa - Adidas (Official Music Video) #WF5
Still Legendary ğŸğŸ–¤,adidas,7Liwa - Adidas (Official Music Video) #WF5
Delta Airlines CEO: We're gonna focus on flying AirplanesğŸ˜‚,nike,How Nikeâ€™s New CEO Plans To Turn Things Around
Nikes comeback strategy includes this paying for this on cnbc.,nike,How Nikeâ€™s New CEO Plans To Turn Things Around
"""we are going to focus on sports"" 

Great idea, and here I thought they were focusing on spaghetti",nike,How Nikeâ€™s New CEO Plans To Turn Things Around
Its simple. People dont want to buy ugly overpriced items. Its time to learn it!,nike,How Nikeâ€™s New CEO Plans To Turn Things Around
"Two things Nike can do to make a comeback: 

1. Make them affordable for godâ€™s sake. 
2. Make them more comfortable.",nike,How Nikeâ€™s New CEO Plans To Turn Things Around
"I walked into a store where they sell athlethic gear, saw a normal Nike sweater for 89.99. Keep in mind, it is just a normal sweater with the nike logo. At the same time, in the store next by, they sell other brands for 19.99. I have never bought a Nike item in my adult life except for shoes that were on sale once. Nothing else.",nike,How Nikeâ€™s New CEO Plans To Turn Things Around
The problem is that Nike isn't cool anymore,nike,How Nikeâ€™s New CEO Plans To Turn Things Around
"Make Retro 1-14 Jordans COMFORTABLE for Lifestyle wear.

Don't mess with how it looks from the outside, that's what we like. Just make it comfortable, it's not for playing basketball anymore.",nike,How Nikeâ€™s New CEO Plans To Turn Things Around
"So thereâ€™s no new plan? â€œFocus on Sportsâ€ how? No details, no goals, no information?",nike,How Nikeâ€™s New CEO Plans To Turn Things Around
"When I was a teenager I was into Nikes, now getting older, I bought my first pair of New Balances (530), wow! The wide toe box, the comfortability, the style.. Iâ€™ll be sticking with NB for a while lol, may even try Asics too",nike,How Nikeâ€™s New CEO Plans To Turn Things Around
"Nike, listen up! Here is what you need to focus on: The customer! 
I buy several pairs of running shoes every year. I will only buy in a brick-and-mortar store after trying them on because I am slightly older and only shoes with a great fit and the right amount of cushioning and stability will enable me to run and walk safely and pain free. Despite living in a reasonably large city (300K residents) I have in recent years not been able to lay my hands on any of your more premium offerings. I am not talking about the lifestyle/fashion stuff here. I have several sports retailers available, but they only carry very limited supplies of Nike, at best one or two of the models that would be of interest to me, and my size, which is very common, is almost always out of stock. I know that Nike makes some great shoes, but I would have to travel hundreds of miles to find a store with a full selection. So my money has gone to Brooks, Asics and Hoka, despite having a lot of respect for Nike.",nike,How Nikeâ€™s New CEO Plans To Turn Things Around
"Nikeâ€™s been talking about a â€œturn aroundâ€ for years now, yet nothing has changed. Theyâ€™re still overpriced for the quality you get and still not comfortable.",nike,How Nikeâ€™s New CEO Plans To Turn Things Around
"This CEO doesn't understand two things. One, Nike is not athletic gear anymore, it's athleisure wear. Two, it's too expensive nowadays.",nike,How Nikeâ€™s New CEO Plans To Turn Things Around
"I saw a Nike t shirt for $50 dollars, A T SHIRT! How can anyone justify a 50 dollar expense for a garment worth $3 dollars?",nike,How Nikeâ€™s New CEO Plans To Turn Things Around
No new idea needed. Just improve your quality guys and make your products worth those inflated prices thanksğŸ˜Š,nike,How Nikeâ€™s New CEO Plans To Turn Things Around
"In my opinion, Nike should make wider shoes. It's really uncomfortable to wear. I went with Adidas Cloud foam",nike,How Nikeâ€™s New CEO Plans To Turn Things Around
"The prices of Nike items need to be cheaper, especially the clothes! That would help them a lot!",nike,How Nikeâ€™s New CEO Plans To Turn Things Around
"How about, stop upping your prices ? 
$200-300 per shoe is ridiculous",nike,How Nikeâ€™s New CEO Plans To Turn Things Around
"He didnâ€™t bite on your tariff talk or passing cost to consumers. ğŸ˜‚. 
We all know they pass the cost down to consumers.",nike,How Nikeâ€™s New CEO Plans To Turn Things Around
"Part of the problem is that the hype surrounding Nike and Jordan products has fizzled out. The company raised prices, flooded the market with too many releases, oversaturated retro models, and failed to deliver major new innovations. This combination killed much of the resale market by overproducing product and eliminating scarcity. At the same time, the cost of living has skyrocketed, and the core consumer base between the ages of 15 and 40 has been hit hardest by these changes. A significant portion of that group is also aging out of the brand, which makes Nikeâ€™s drop in popularity easier to understand.",nike,How Nikeâ€™s New CEO Plans To Turn Things Around
